"Predictor_combination","ELPD","elpd_diff","se_diff","z_ELPD"
"3 + 5  (morphospecies + functional-group richness)",-0.296920058123924,0,0,NA
"5  (functional-group richness only)",-1.15813196585129,-0.86121190772737,0.869143690754348,-0.990874025651507
"3  (morphospecies richness only)",-2.00110093014265,-1.70418087201872,0.96840471357575,-1.75978167818513
"1 + 3 + 5 (visitation + morphospecies + functional-group)",-2.13351113581089,-1.83659107768696,1.07816813192826,-1.70343661929823
"1  (visitation only)",-2.59329053237177,-2.29637047424785,2.58172983015908,-0.889469706482167
"1 + 5  (visitation + functional-group richness)",-3.23293045702039,-2.93601039889646,1.41409616035478,-2.0762452237759
"1 + 3  (visitation + morphospecies richness)",-4.73192667334031,-4.43500661521638,1.38186986070628,-3.20942423112813
