"Predictor_combination","ELPD","elpd_diff","se_diff","z_ELPD"
"1 + 5  (visitation + functional-group richness)",-110.670701440698,-2.7203951509709,4.91319829195167,-0.55369130031393
"1 + 3 + 5 (visitation + morphospecies + functional-group)",-109.89658279728,-1.94627650755289,3.34471922892135,-0.581895332416452
"1 + 3  (visitation + morphospecies richness)",-110.823531761917,-2.87322547218999,3.66420983257016,-0.784132351441961
"3 + 5  (morphospecies + functional-group richness)",-107.950306289727,0,0,NA
"3  (morphospecies richness only)",-118.838342694054,-10.8880364043264,4.20289028305148,-2.59060686124341
"1  (visitation only)",-119.499414057557,-11.5491077678295,4.18587611673084,-2.75906583132454
"5  (functional-group richness only)",-119.59473305686,-11.6444267671323,4.67241981146743,-2.49216192829113
"null (intercept only)",-120.595540201531,-12.6452339118038,6.62557280680729,-1.90854953685087
