"Predictor_combination","ELPD","elpd_diff","se_diff","z_ELPD"
"3  (morphospecies richness only)",-7.31183958203928,0,0,NA
"null (intercept only)",-8.2548353540832,-0.942995772043921,2.98982725530519,-0.315401423400183
"1  (visitation only)",-9.54496956102637,-2.23312997898709,2.86297686028891,-0.780002804060991
"1 + 5  (visitation + functional-group richness)",-10.0611370463166,-2.74929746427731,2.89157852631343,-0.950794674693643
"1 + 3  (visitation + morphospecies richness)",-10.2669009180222,-2.95506133598296,2.67025666771318,-1.10665816200871
"5  (functional-group richness only)",-11.0831869200215,-3.77134733798217,2.89341158536206,-1.30342580953973
"3 + 5  (morphospecies + functional-group richness)",-17.1015813500568,-9.7897417680175,2.39124246812051,-4.09399795233318
"1 + 3 + 5 (visitation + morphospecies + functional-group)",-17.2591494426885,-9.94730986064923,3.05729582065655,-3.25363015035721
